--PRJ_PRIVILEGIJA INSERT
	--interfejs
INSERT INTO PRJ_PRIVILEGIJA(PRIVILEGIJAID, NAZIV) VALUES (NULL,'Prikaz statusa mail servera'); 
INSERT INTO PRJ_PRIVILEGIJA(PRIVILEGIJAID, NAZIV) VALUES (NULL,'Prikaz statusa web servera'); 
INSERT INTO PRJ_PRIVILEGIJA(PRIVILEGIJAID, NAZIV) VALUES (NULL,'Prikaz lokacije servera'); 
INSERT INTO PRJ_PRIVILEGIJA(PRIVILEGIJAID, NAZIV) VALUES (NULL,'Prikaz statusa switch-a'); 
INSERT INTO PRJ_PRIVILEGIJA(PRIVILEGIJAID, NAZIV) VALUES (NULL,'Prikaz statusa rutera'); 
INSERT INTO PRJ_PRIVILEGIJA(PRIVILEGIJAID, NAZIV) VALUES (NULL,'Prikaz seme baze podataka');
	--funkcionalne
INSERT INTO PRJ_PRIVILEGIJA(PRIVILEGIJAID, NAZIV) VALUES (NULL,'Pristup bazi podataka'); 
INSERT INTO PRJ_PRIVILEGIJA(PRIVILEGIJAID, NAZIV) VALUES (NULL,'Pristup ruteru'); 
INSERT INTO PRJ_PRIVILEGIJA(PRIVILEGIJAID, NAZIV) VALUES (NULL,'Pristup switchu'); 
INSERT INTO PRJ_PRIVILEGIJA(PRIVILEGIJAID, NAZIV) VALUES (NULL,'Pristup mail serveru'); 
INSERT INTO PRJ_PRIVILEGIJA(PRIVILEGIJAID, NAZIV) VALUES (NULL,'Pristup web serveru');
	--meni priviegije
INSERT INTO PRJ_PRIVILEGIJA(PRIVILEGIJAID, NAZIV) VALUES (NULL,'Pristup podesavanjima'); 
INSERT INTO PRJ_PRIVILEGIJA(PRIVILEGIJAID, NAZIV) VALUES (NULL,'Pristup podesavanjima web serverima'); 
INSERT INTO PRJ_PRIVILEGIJA(PRIVILEGIJAID, NAZIV) VALUES (NULL,'Pristup podesavanjima mail serverima'); 
INSERT INTO PRJ_PRIVILEGIJA(PRIVILEGIJAID, NAZIV) VALUES (NULL,'Pristup podesavanjima rutera'); 
INSERT INTO PRJ_PRIVILEGIJA(PRIVILEGIJAID, NAZIV) VALUES (NULL,'Pristup Help sekciji'); 
INSERT INTO PRJ_PRIVILEGIJA(PRIVILEGIJAID, NAZIV) VALUES (NULL,'Pristup About sekciji'); 
INSERT INTO PRJ_PRIVILEGIJA(PRIVILEGIJAID, NAZIV) VALUES (NULL,'Pristup galeriji');
	--admin privilegije
INSERT INTO PRJ_PRIVILEGIJA(PRIVILEGIJAID, NAZIV) VALUES (NULL,'Brisanje korisnika'); 
INSERT INTO PRJ_PRIVILEGIJA(PRIVILEGIJAID, NAZIV) VALUES (NULL,'Brisanje baze'); 
INSERT INTO PRJ_PRIVILEGIJA(PRIVILEGIJAID, NAZIV) VALUES (NULL,'Startovanje servera'); 
INSERT INTO PRJ_PRIVILEGIJA(PRIVILEGIJAID, NAZIV) VALUES (NULL,'Restartovanje servera'); 
INSERT INTO PRJ_PRIVILEGIJA(PRIVILEGIJAID, NAZIV) VALUES (NULL,'Kreiranje servera'); 
INSERT INTO PRJ_PRIVILEGIJA(PRIVILEGIJAID, NAZIV) VALUES (NULL,'Kreiranje korisnika'); 
INSERT INTO PRJ_PRIVILEGIJA(PRIVILEGIJAID, NAZIV) VALUES (NULL,'Uredjivanje korisnika'); 
INSERT INTO PRJ_PRIVILEGIJA(PRIVILEGIJAID, NAZIV) VALUES (NULL,'Resetovanje rutera'); 

--PRJ_INTERFEJS_PRIVILEGIJA INSERT
INSERT INTO PRJ_INTERFEJS_PRIVILEGIJA(PRIVILEGIJAID, DOZVOLAKORISCENJA) VALUES (1,1);
INSERT INTO PRJ_INTERFEJS_PRIVILEGIJA(PRIVILEGIJAID, DOZVOLAKORISCENJA) VALUES (2,0);
INSERT INTO PRJ_INTERFEJS_PRIVILEGIJA(PRIVILEGIJAID, DOZVOLAKORISCENJA) VALUES (3,1);
INSERT INTO PRJ_INTERFEJS_PRIVILEGIJA(PRIVILEGIJAID, DOZVOLAKORISCENJA) VALUES (4,0);
INSERT INTO PRJ_INTERFEJS_PRIVILEGIJA(PRIVILEGIJAID, DOZVOLAKORISCENJA) VALUES (5,0);
INSERT INTO PRJ_INTERFEJS_PRIVILEGIJA(PRIVILEGIJAID, DOZVOLAKORISCENJA) VALUES (6,1);

--PRJ_FUNKCIONALNA_PRIVILEGIJA INSERT
INSERT INTO PRJ_FUNKCIONALNA_PRIVILEGIJA(PRIVILEGIJAID) VALUES (7);
INSERT INTO PRJ_FUNKCIONALNA_PRIVILEGIJA(PRIVILEGIJAID) VALUES (8);
INSERT INTO PRJ_FUNKCIONALNA_PRIVILEGIJA(PRIVILEGIJAID) VALUES (9);
INSERT INTO PRJ_FUNKCIONALNA_PRIVILEGIJA(PRIVILEGIJAID) VALUES (10);
INSERT INTO PRJ_FUNKCIONALNA_PRIVILEGIJA(PRIVILEGIJAID) VALUES (11);

--PRJ_MENI_PRIVILEGIJA INSERT
INSERT INTO PRJ_MENI_PRIVILEGIJA(PRIVILEGIJAID, RODITELJSKIMENI) VALUES (12,NULL);
INSERT INTO PRJ_MENI_PRIVILEGIJA(PRIVILEGIJAID, RODITELJSKIMENI) VALUES (13,12);
INSERT INTO PRJ_MENI_PRIVILEGIJA(PRIVILEGIJAID, RODITELJSKIMENI) VALUES (14,12);
INSERT INTO PRJ_MENI_PRIVILEGIJA(PRIVILEGIJAID, RODITELJSKIMENI) VALUES (15,12);
INSERT INTO PRJ_MENI_PRIVILEGIJA(PRIVILEGIJAID, RODITELJSKIMENI) VALUES (16,NULL);
INSERT INTO PRJ_MENI_PRIVILEGIJA(PRIVILEGIJAID, RODITELJSKIMENI) VALUES (17,16);
INSERT INTO PRJ_MENI_PRIVILEGIJA(PRIVILEGIJAID, RODITELJSKIMENI) VALUES (18,NULL);

--PRJ_ADMIN_PRIVILEGIJA INSERT
INSERT INTO PRJ_ADMIN_PRIVILEGIJA(PRIVILEGIJAID) VALUES (19);
INSERT INTO PRJ_ADMIN_PRIVILEGIJA(PRIVILEGIJAID) VALUES (20);
INSERT INTO PRJ_ADMIN_PRIVILEGIJA(PRIVILEGIJAID) VALUES (21);
INSERT INTO PRJ_ADMIN_PRIVILEGIJA(PRIVILEGIJAID) VALUES (22);
INSERT INTO PRJ_ADMIN_PRIVILEGIJA(PRIVILEGIJAID) VALUES (23);
INSERT INTO PRJ_ADMIN_PRIVILEGIJA(PRIVILEGIJAID) VALUES (24);
INSERT INTO PRJ_ADMIN_PRIVILEGIJA(PRIVILEGIJAID) VALUES (25);
INSERT INTO PRJ_ADMIN_PRIVILEGIJA(PRIVILEGIJAID) VALUES (26);

--PRJ_GRUPA INSERT
INSERT INTO PRJ_GRUPA(GRUPAID, IME, OPIS, DATUMKREIRANJA, LOGINVREMEOD, LOGINVREMEDO, KORISNICKAFLAG)
VALUES (NULL, 'IT Master', 'Super administrator', '17.08.04. 09:36:06,000000000', '01.01.00. 13:23:00,000000000', '01.01.00. 00:00:00,000000000', 0);
INSERT INTO PRJ_GRUPA(GRUPAID, IME, OPIS, DATUMKREIRANJA, LOGINVREMEOD, LOGINVREMEDO, KORISNICKAFLAG)
VALUES (NULL, 'Admin mreze', 'Odrzavanje mreze', '18.11.08. 08:01:41,000000000', NULL, NULL, 0);
INSERT INTO PRJ_GRUPA(GRUPAID, IME, OPIS, DATUMKREIRANJA, LOGINVREMEOD, LOGINVREMEDO, KORISNICKAFLAG)
VALUES (NULL, 'Admin baze', 'Odrzavanje baze', '21.01.00. 18:04:32,000000000', '01.01.00. 10:24:00,000000000', '01.01.00. 18:00:00,000000000', 0);
INSERT INTO PRJ_GRUPA(GRUPAID, IME, OPIS, DATUMKREIRANJA, LOGINVREMEOD, LOGINVREMEDO, KORISNICKAFLAG)
VALUES (NULL, 'Admin sistema', 'Upravljanje sistema', '15.07.02. 06:46:57,000000000', NULL, NULL, 0);
INSERT INTO PRJ_GRUPA(GRUPAID, IME, OPIS, DATUMKREIRANJA, LOGINVREMEOD, LOGINVREMEDO, KORISNICKAFLAG)
VALUES (NULL, 'Fullstack programer', 'Frontend i backend programer', '15.10.12. 05:07:40,000000000', '01.01.00. 08:17:00,000000000', '01.01.00. 17:30:00,000000000', 0);
INSERT INTO PRJ_GRUPA(GRUPAID, IME, OPIS, DATUMKREIRANJA, LOGINVREMEOD, LOGINVREMEDO, KORISNICKAFLAG)
VALUES (NULL, 'Backend programer', 'Server side programer', '20.04.11. 03:43:07,000000000', '01.01.00. 16:29:00,000000000', '01.01.00. 23:00:00,000000000', 0);
INSERT INTO PRJ_GRUPA(GRUPAID, IME, OPIS, DATUMKREIRANJA, LOGINVREMEOD, LOGINVREMEDO, KORISNICKAFLAG)
VALUES (NULL, 'Frontend programer', 'Client side programer', '03.04.17. 08:47:18,000000000', '01.01.00. 22:23:00,000000000', '01.01.00. 23:59:00,000000000', 0);
INSERT INTO PRJ_GRUPA(GRUPAID, IME, OPIS, DATUMKREIRANJA, LOGINVREMEOD, LOGINVREMEDO, KORISNICKAFLAG)
VALUES (NULL, 'Tehnicari', 'Majstori', '24.09.14. 15:01:43,000000000', NULL, NULL, 0);
INSERT INTO PRJ_GRUPA(GRUPAID, IME, OPIS, DATUMKREIRANJA, LOGINVREMEOD, LOGINVREMEDO, KORISNICKAFLAG)
VALUES (NULL, 'Marketing', 'Reklamiranje proizvoda', '07.03.12. 22:30:07,000000000', '01.01.00. 10:23:00,000000000', '01.01.00. 18:00:00,000000000', 0);
INSERT INTO PRJ_GRUPA(GRUPAID, IME, OPIS, DATUMKREIRANJA, LOGINVREMEOD, LOGINVREMEDO, KORISNICKAFLAG)
VALUES (NULL, 'HR', 'Ljudski resursi', '05.03.07. 08:58:20,000000000', NULL, NULL, 0);

--PRJ_IP INSERT
INSERT INTO PRJ_IP(IPADRESA) VALUES ('108.120.242.229');
INSERT INTO PRJ_IP(IPADRESA) VALUES ('28.52.108.125');
INSERT INTO PRJ_IP(IPADRESA) VALUES ('60.244.184.141');
INSERT INTO PRJ_IP(IPADRESA) VALUES ('80.27.53.89');
INSERT INTO PRJ_IP(IPADRESA) VALUES ('124.204.94.226');
INSERT INTO PRJ_IP(IPADRESA) VALUES ('68.54.163.13');
INSERT INTO PRJ_IP(IPADRESA) VALUES ('119.170.11.100');
INSERT INTO PRJ_IP(IPADRESA) VALUES ('47.188.68.195');
INSERT INTO PRJ_IP(IPADRESA) VALUES ('91.184.60.82');
INSERT INTO PRJ_IP(IPADRESA) VALUES ('45.191.109.7');
INSERT INTO PRJ_IP(IPADRESA) VALUES ('210.151.185.0');
INSERT INTO PRJ_IP(IPADRESA) VALUES ('80.159.41.213');
INSERT INTO PRJ_IP(IPADRESA) VALUES ('159.198.57.43');
INSERT INTO PRJ_IP(IPADRESA) VALUES ('10.10.0.1');
INSERT INTO PRJ_IP(IPADRESA) VALUES ('192.168.0.200');

--PRJ_DOZVOLJENE_IP INSERT
INSERT INTO PRJ_DOZVOLJENE_IP(IPADRESA, GRUPAID) VALUES ('108.120.242.229', 1);
INSERT INTO PRJ_DOZVOLJENE_IP(IPADRESA, GRUPAID) VALUES ('28.52.108.125', 	1);
INSERT INTO PRJ_DOZVOLJENE_IP(IPADRESA, GRUPAID) VALUES ('60.244.184.141', 	2);
INSERT INTO PRJ_DOZVOLJENE_IP(IPADRESA, GRUPAID) VALUES ('80.27.53.89', 	3);
INSERT INTO PRJ_DOZVOLJENE_IP(IPADRESA, GRUPAID) VALUES ('124.204.94.226', 	4);
INSERT INTO PRJ_DOZVOLJENE_IP(IPADRESA, GRUPAID) VALUES ('68.54.163.13', 	5);
INSERT INTO PRJ_DOZVOLJENE_IP(IPADRESA, GRUPAID) VALUES ('119.170.11.100', 	6);
INSERT INTO PRJ_DOZVOLJENE_IP(IPADRESA, GRUPAID) VALUES ('47.188.68.195', 	7);
INSERT INTO PRJ_DOZVOLJENE_IP(IPADRESA, GRUPAID) VALUES ('91.184.60.82', 	8);
INSERT INTO PRJ_DOZVOLJENE_IP(IPADRESA, GRUPAID) VALUES ('45.191.109.7', 	9);
INSERT INTO PRJ_DOZVOLJENE_IP(IPADRESA, GRUPAID) VALUES ('210.151.185.0', 	10);
INSERT INTO PRJ_DOZVOLJENE_IP(IPADRESA, GRUPAID) VALUES ('80.159.41.213', 	7);
INSERT INTO PRJ_DOZVOLJENE_IP(IPADRESA, GRUPAID) VALUES ('159.198.57.43', 	3);
INSERT INTO PRJ_DOZVOLJENE_IP(IPADRESA, GRUPAID) VALUES ('10.10.0.1', 		2);
INSERT INTO PRJ_DOZVOLJENE_IP(IPADRESA, GRUPAID) VALUES ('192.168.0.200', 	5);
INSERT INTO PRJ_DOZVOLJENE_IP(IPADRESA, GRUPAID) VALUES ('47.188.68.195', 	6);
INSERT INTO PRJ_DOZVOLJENE_IP(IPADRESA, GRUPAID) VALUES ('91.184.60.82', 	7);
INSERT INTO PRJ_DOZVOLJENE_IP(IPADRESA, GRUPAID) VALUES ('45.191.109.7', 	2);
INSERT INTO PRJ_DOZVOLJENE_IP(IPADRESA, GRUPAID) VALUES ('210.151.185.0', 	9);

--PRJ_PRIPADA_GRUPI INSERT
INSERT INTO PRJ_PRIPADA_GRUPI(GRODITELJID, GDETEID) VALUES(1,2); 
INSERT INTO PRJ_PRIPADA_GRUPI(GRODITELJID, GDETEID) VALUES(1,3); 
INSERT INTO PRJ_PRIPADA_GRUPI(GRODITELJID, GDETEID) VALUES(1,4); 
INSERT INTO PRJ_PRIPADA_GRUPI(GRODITELJID, GDETEID) VALUES(5,6); 
INSERT INTO PRJ_PRIPADA_GRUPI(GRODITELJID, GDETEID) VALUES(5,7); 

--PRJ_KORISNIK INSERT
INSERT INTO PRJ_GRUPA(GRUPAID, IME, OPIS, DATUMKREIRANJA, LOGINVREMEOD, LOGINVREMEDO, KORISNICKAFLAG)
VALUES (NULL, 'stefan', 'Korisnik:stefan', '17.08.04. 09:36:06,000000000', NULL, NULL, 1); --enkapsulirajuca grupa
INSERT INTO PRJ_KORISNIK(KORISNIKID, KORISNICKOIME, IME, IMERODITELJA, PREZIME, JMBG, DATUMRODJENJA, RADNOMESTO, FUNKCIJA, BROJKANCELARIJE, TELEFON, EMAIL, KGRUPAID)
VALUES(NULL, 'stefan','Stefan', 'Nebojsa', 'Stankovic', '0000000000', '20-01-1996', 'Logistika', 'Logistika', '1', '234512244', 'ja@mail.com', 11);  --korisnik

INSERT INTO PRJ_GRUPA(GRUPAID, IME, OPIS, DATUMKREIRANJA, LOGINVREMEOD, LOGINVREMEDO, KORISNICKAFLAG)
VALUES (NULL, 'dacha', 'Korisnik:dacha', '17.08.04. 09:36:06,000000000', NULL, NULL, 1); --enkapsulirajuca grupa
INSERT INTO PRJ_KORISNIK(KORISNIKID, KORISNICKOIME, IME, IMERODITELJA, PREZIME, JMBG, DATUMRODJENJA, RADNOMESTO, FUNKCIJA, BROJKANCELARIJE, TELEFON, EMAIL, KGRUPAID)
VALUES(NULL, 'dacha','Dalibor', 'Dragan', 'Aleksic', '0112000', '20-04-1995', 'IT', 'Tehnicka podrska', '1', '234512244', 'ti@mail.com', 12);  --korisnik

INSERT INTO PRJ_GRUPA(GRUPAID, IME, OPIS, DATUMKREIRANJA, LOGINVREMEOD, LOGINVREMEDO, KORISNICKAFLAG)
VALUES (NULL, 'drvuchko', 'Korisnik:drvuchko', '17.08.04. 09:36:06,000000000', NULL, NULL, 1); --enkapsulirajuca grupa
INSERT INTO PRJ_KORISNIK(KORISNIKID, KORISNICKOIME, IME, IMERODITELJA, PREZIME, JMBG, DATUMRODJENJA, RADNOMESTO, FUNKCIJA, BROJKANCELARIJE, TELEFON, EMAIL, KGRUPAID)
VALUES(NULL, 'drvuchko','Marko', 'Zoran', 'Vuckovic', '0112000', '28-03-1995', 'IT', 'Indie game developer', '1', '234512244', 'on@mail.com', 13);  --korisnik

INSERT INTO PRJ_GRUPA(GRUPAID, IME, OPIS, DATUMKREIRANJA, LOGINVREMEOD, LOGINVREMEDO, KORISNICKAFLAG)
VALUES (NULL, 'hochopepa', 'Korisnik:hochopepa', '17.08.04. 09:36:06,000000000', NULL, NULL, 1); --enkapsulirajuca grupa
INSERT INTO PRJ_KORISNIK(KORISNIKID, KORISNICKOIME, IME, IMERODITELJA, PREZIME, JMBG, DATUMRODJENJA, RADNOMESTO, FUNKCIJA, BROJKANCELARIJE, TELEFON, EMAIL, KGRUPAID)
VALUES(NULL, 'hochopepa','Stevica', 'Jovica', 'Stojkovic', '0000000000', '19-01-1996', 'Web developer', 'Developer', '13a', '0641123212', 'hochopepa@mail.com', 14); --korisnik

INSERT INTO PRJ_GRUPA(GRUPAID, IME, OPIS, DATUMKREIRANJA, LOGINVREMEOD, LOGINVREMEDO, KORISNICKAFLAG)
VALUES (NULL, 'dimpage', 'Korisnik:dimpage', '17.08.04. 09:36:06,000000000', NULL, NULL, 1); --enkapsulirajuca grupa
INSERT INTO PRJ_KORISNIK(KORISNIKID, KORISNICKOIME, IME, IMERODITELJA, PREZIME, JMBG, DATUMRODJENJA, RADNOMESTO, FUNKCIJA, BROJKANCELARIJE, TELEFON, EMAIL, KGRUPAID)
VALUES(NULL, 'dimpage','Dusan', 'Ivica', 'Dimitrijevic', '0000000000', '11-04-1994', 'Embeded developer', 'Beta tester', '18', '064656165', 'dimipage@gmail.com', 15); --korisnik

INSERT INTO PRJ_GRUPA(GRUPAID, IME, OPIS, DATUMKREIRANJA, LOGINVREMEOD, LOGINVREMEDO, KORISNICKAFLAG)
VALUES (NULL, 'marija95', 'Korisnik:marija95', '17.08.04. 09:36:06,000000000', NULL, NULL, 1); --enkapsulirajuca grupa
INSERT INTO PRJ_KORISNIK(KORISNIKID, KORISNICKOIME, IME, IMERODITELJA, PREZIME, JMBG, DATUMRODJENJA, RADNOMESTO, FUNKCIJA, BROJKANCELARIJE, TELEFON, EMAIL, KGRUPAID)
VALUES(NULL, 'marija95','Marija', 'Steva', 'Stojkovic', '0000000000', '08-06-1995', 'Backend developer', 'Developer', '17', '064451561', 'marija95@hotmail.com', 16); --korisnik

INSERT INTO PRJ_GRUPA(GRUPAID, IME, OPIS, DATUMKREIRANJA, LOGINVREMEOD, LOGINVREMEDO, KORISNICKAFLAG)
VALUES (NULL, 'kix', 'Korisnik:marija95', '17.08.04. 09:36:06,000000000', NULL, NULL, 1); --enkapsulirajuca grupa
INSERT INTO PRJ_KORISNIK(KORISNIKID, KORISNICKOIME, IME, IMERODITELJA, PREZIME, JMBG, DATUMRODJENJA, RADNOMESTO, FUNKCIJA, BROJKANCELARIJE, TELEFON, EMAIL, KGRUPAID)
VALUES(NULL, 'kix','Zikica', 'Novica', 'Petkovic', '0000000000', '19-12-1996', 'Majstor', 'Maticne ploce', '3b', '06441496196', 'kix@yahoo.com', 17); --korisnik

INSERT INTO PRJ_GRUPA(GRUPAID, IME, OPIS, DATUMKREIRANJA, LOGINVREMEOD, LOGINVREMEDO, KORISNICKAFLAG)
VALUES (NULL, 'zumi', 'Korisnik:zumi', '17.08.04. 09:36:06,000000000', NULL, NULL, 1); --enkapsulirajuca grupa
INSERT INTO PRJ_KORISNIK(KORISNIKID, KORISNICKOIME, IME, IMERODITELJA, PREZIME, JMBG, DATUMRODJENJA, RADNOMESTO, FUNKCIJA, BROJKANCELARIJE, TELEFON, EMAIL, KGRUPAID)
VALUES(NULL, 'zumi','Novica', 'Zikica', 'Stanojkovic', '0000000000', '15-09-1995', 'Majstor', 'Napajanja', '3b', '064415165198', 'zumi@zoho.eu', 18); --korisnik

INSERT INTO PRJ_GRUPA(GRUPAID, IME, OPIS, DATUMKREIRANJA, LOGINVREMEOD, LOGINVREMEDO, KORISNICKAFLAG)
VALUES (NULL, 'mile', 'Korisnik:mile', '17.08.04. 09:36:06,000000000', NULL, NULL, 1); --enkapsulirajuca grupa
INSERT INTO PRJ_KORISNIK(KORISNIKID, KORISNICKOIME, IME, IMERODITELJA, PREZIME, JMBG, DATUMRODJENJA, RADNOMESTO, FUNKCIJA, BROJKANCELARIJE, TELEFON, EMAIL, KGRUPAID)
VALUES(NULL, 'mile','Nikola', 'Novica', 'Petkovic', '0000000000', '29-03-1996', 'Majstor', 'HardDisk-ovi', '3b', '06485191961', 'mile@elfak.ni.ac.rs', 19); --korisnik

INSERT INTO PRJ_GRUPA(GRUPAID, IME, OPIS, DATUMKREIRANJA, LOGINVREMEOD, LOGINVREMEDO, KORISNICKAFLAG)
VALUES (NULL, 'matrix', 'Korisnik:matrix', '17.08.04. 09:36:06,000000000', NULL, NULL, 1); --enkapsulirajuca grupa
INSERT INTO PRJ_KORISNIK(KORISNIKID, KORISNICKOIME, IME, IMERODITELJA, PREZIME, JMBG, DATUMRODJENJA, RADNOMESTO, FUNKCIJA, BROJKANCELARIJE, TELEFON, EMAIL, KGRUPAID)
VALUES(NULL, 'matrix','Marjan', 'Marko', 'Jovanovic', '0000000000', '14-05-1996', 'Game developer', 'Beta tester', '17', '064984891591', 'matrix@procomp.com', 20); --korisnik

INSERT INTO PRJ_GRUPA(GRUPAID, IME, OPIS, DATUMKREIRANJA, LOGINVREMEOD, LOGINVREMEDO, KORISNICKAFLAG)
VALUES (NULL, 'savchaa', 'Korisnik:savchaa', '17.08.04. 09:36:06,000000000', NULL, NULL, 1); --enkapsulirajuca grupa
INSERT INTO PRJ_KORISNIK(KORISNIKID, KORISNICKOIME, IME, IMERODITELJA, PREZIME, JMBG, DATUMRODJENJA, RADNOMESTO, FUNKCIJA, BROJKANCELARIJE, TELEFON, EMAIL, KGRUPAID)
VALUES(NULL, 'savchaa','Nikola', 'Zoran', 'Savic', '0000000000', '29-06-1996', 'Administrator', 'Linux administrator', '17', '0645195196', 'savhcaa@1337x.com', 21); --korisnik

INSERT INTO PRJ_GRUPA(GRUPAID, IME, OPIS, DATUMKREIRANJA, LOGINVREMEOD, LOGINVREMEDO, KORISNICKAFLAG)
VALUES (NULL, 'dzigi', 'Korisnik:dzigi', '17.08.04. 09:36:06,000000000', NULL, NULL, 1); --enkapsulirajuca grupa
INSERT INTO PRJ_KORISNIK(KORISNIKID, KORISNICKOIME, IME, IMERODITELJA, PREZIME, JMBG, DATUMRODJENJA, RADNOMESTO, FUNKCIJA, BROJKANCELARIJE, TELEFON, EMAIL, KGRUPAID)
VALUES(NULL, 'dzigi','Dusan', 'Stojan', 'Nikolic', '0000000000', '22-07-1996', 'Administrator Baze', 'Oracle administrator', '1', '064516516', 'dzigi@mija.com', 22); --korisnik

INSERT INTO PRJ_PRIPADA_GRUPI(GRODITELJID, GDETEID) VALUES(10,11);
INSERT INTO PRJ_PRIPADA_GRUPI(GRODITELJID, GDETEID) VALUES(1 ,12);
INSERT INTO PRJ_PRIPADA_GRUPI(GRODITELJID, GDETEID) VALUES(5 ,13);
INSERT INTO PRJ_PRIPADA_GRUPI(GRODITELJID, GDETEID) VALUES(5 ,14);
INSERT INTO PRJ_PRIPADA_GRUPI(GRODITELJID, GDETEID) VALUES(6 ,15);
INSERT INTO PRJ_PRIPADA_GRUPI(GRODITELJID, GDETEID) VALUES(6 ,16);
INSERT INTO PRJ_PRIPADA_GRUPI(GRODITELJID, GDETEID) VALUES(8 ,17);
INSERT INTO PRJ_PRIPADA_GRUPI(GRODITELJID, GDETEID) VALUES(8 ,18);
INSERT INTO PRJ_PRIPADA_GRUPI(GRODITELJID, GDETEID) VALUES(8 ,19);
INSERT INTO PRJ_PRIPADA_GRUPI(GRODITELJID, GDETEID) VALUES(9 ,20);
INSERT INTO PRJ_PRIPADA_GRUPI(GRODITELJID, GDETEID) VALUES(3 ,21);
INSERT INTO PRJ_PRIPADA_GRUPI(GRODITELJID, GDETEID) VALUES(4 ,21);
INSERT INTO PRJ_PRIPADA_GRUPI(GRODITELJID, GDETEID) VALUES(3 ,22);
INSERT INTO PRJ_PRIPADA_GRUPI(GRODITELJID, GDETEID) VALUES(7 ,13);
INSERT INTO PRJ_PRIPADA_GRUPI(GRODITELJID, GDETEID) VALUES(2 ,14);
INSERT INTO PRJ_PRIPADA_GRUPI(GRODITELJID, GDETEID) VALUES(3 ,15);
INSERT INTO PRJ_PRIPADA_GRUPI(GRODITELJID, GDETEID) VALUES(9 ,15);
INSERT INTO PRJ_PRIPADA_GRUPI(GRODITELJID, GDETEID) VALUES(9 ,11);


--PRJ_DODELA_PRIVILEGIJA INSERT
INSERT INTO PRJ_DODELA_PRIVILEGIJA(GRUPAID, PRIVILEGIJAID, DATUMDODELE, DODELIOKORISNIKID) VALUES(1 ,1 ,'18.08.04. 19:36:06,000000000', 2);
INSERT INTO PRJ_DODELA_PRIVILEGIJA(GRUPAID, PRIVILEGIJAID, DATUMDODELE, DODELIOKORISNIKID) VALUES(1 ,4 ,'18.08.04. 19:36:06,000000000', 2); 
INSERT INTO PRJ_DODELA_PRIVILEGIJA(GRUPAID, PRIVILEGIJAID, DATUMDODELE, DODELIOKORISNIKID) VALUES(1 ,5 ,'18.08.04. 19:36:06,000000000', 2); 
INSERT INTO PRJ_DODELA_PRIVILEGIJA(GRUPAID, PRIVILEGIJAID, DATUMDODELE, DODELIOKORISNIKID) VALUES(1 ,21,'18.08.04. 19:36:06,000000000', 2); 
INSERT INTO PRJ_DODELA_PRIVILEGIJA(GRUPAID, PRIVILEGIJAID, DATUMDODELE, DODELIOKORISNIKID) VALUES(1 ,8 ,'18.08.04. 19:36:06,000000000', 2); 
INSERT INTO PRJ_DODELA_PRIVILEGIJA(GRUPAID, PRIVILEGIJAID, DATUMDODELE, DODELIOKORISNIKID) VALUES(2 ,8 ,'18.08.04. 19:36:06,000000000', 2); 
INSERT INTO PRJ_DODELA_PRIVILEGIJA(GRUPAID, PRIVILEGIJAID, DATUMDODELE, DODELIOKORISNIKID) VALUES(2 ,7 ,'18.08.04. 19:36:06,000000000', 2); 
INSERT INTO PRJ_DODELA_PRIVILEGIJA(GRUPAID, PRIVILEGIJAID, DATUMDODELE, DODELIOKORISNIKID) VALUES(2 ,25,'18.08.04. 19:36:06,000000000', 2); 
INSERT INTO PRJ_DODELA_PRIVILEGIJA(GRUPAID, PRIVILEGIJAID, DATUMDODELE, DODELIOKORISNIKID) VALUES(2 ,3 ,'18.08.04. 19:36:06,000000000', 2);
INSERT INTO PRJ_DODELA_PRIVILEGIJA(GRUPAID, PRIVILEGIJAID, DATUMDODELE, DODELIOKORISNIKID) VALUES(2 ,4 ,'18.08.04. 19:36:06,000000000', 2); 
INSERT INTO PRJ_DODELA_PRIVILEGIJA(GRUPAID, PRIVILEGIJAID, DATUMDODELE, DODELIOKORISNIKID) VALUES(3 ,6 ,'18.08.04. 19:36:06,000000000', 2); 
INSERT INTO PRJ_DODELA_PRIVILEGIJA(GRUPAID, PRIVILEGIJAID, DATUMDODELE, DODELIOKORISNIKID) VALUES(3 ,5 ,'18.08.04. 19:36:06,000000000',12); 
INSERT INTO PRJ_DODELA_PRIVILEGIJA(GRUPAID, PRIVILEGIJAID, DATUMDODELE, DODELIOKORISNIKID) VALUES(3 ,20,'18.08.04. 19:36:06,000000000',12); 
INSERT INTO PRJ_DODELA_PRIVILEGIJA(GRUPAID, PRIVILEGIJAID, DATUMDODELE, DODELIOKORISNIKID) VALUES(3 ,18,'18.08.04. 19:36:06,000000000',12); 
INSERT INTO PRJ_DODELA_PRIVILEGIJA(GRUPAID, PRIVILEGIJAID, DATUMDODELE, DODELIOKORISNIKID) VALUES(4 ,1 ,'18.08.04. 19:36:06,000000000',12); 
INSERT INTO PRJ_DODELA_PRIVILEGIJA(GRUPAID, PRIVILEGIJAID, DATUMDODELE, DODELIOKORISNIKID) VALUES(4 ,2 ,'18.08.04. 19:36:06,000000000',12); 
INSERT INTO PRJ_DODELA_PRIVILEGIJA(GRUPAID, PRIVILEGIJAID, DATUMDODELE, DODELIOKORISNIKID) VALUES(4 ,21,'18.08.04. 19:36:06,000000000',12); 
INSERT INTO PRJ_DODELA_PRIVILEGIJA(GRUPAID, PRIVILEGIJAID, DATUMDODELE, DODELIOKORISNIKID) VALUES(4 ,24,'18.08.04. 19:36:06,000000000',12); 
INSERT INTO PRJ_DODELA_PRIVILEGIJA(GRUPAID, PRIVILEGIJAID, DATUMDODELE, DODELIOKORISNIKID) VALUES(4 ,23,'18.08.04. 19:36:06,000000000',12); 
INSERT INTO PRJ_DODELA_PRIVILEGIJA(GRUPAID, PRIVILEGIJAID, DATUMDODELE, DODELIOKORISNIKID) VALUES(5 ,16,'18.08.04. 19:36:06,000000000',12); 
INSERT INTO PRJ_DODELA_PRIVILEGIJA(GRUPAID, PRIVILEGIJAID, DATUMDODELE, DODELIOKORISNIKID) VALUES(5 ,17,'18.08.04. 19:36:06,000000000',12); 
INSERT INTO PRJ_DODELA_PRIVILEGIJA(GRUPAID, PRIVILEGIJAID, DATUMDODELE, DODELIOKORISNIKID) VALUES(5 ,18,'18.08.04. 19:36:06,000000000',12);
INSERT INTO PRJ_DODELA_PRIVILEGIJA(GRUPAID, PRIVILEGIJAID, DATUMDODELE, DODELIOKORISNIKID) VALUES(5 ,9 ,'18.08.04. 19:36:06,000000000',12); 
INSERT INTO PRJ_DODELA_PRIVILEGIJA(GRUPAID, PRIVILEGIJAID, DATUMDODELE, DODELIOKORISNIKID) VALUES(5 ,10,'18.08.04. 19:36:06,000000000',12); 
INSERT INTO PRJ_DODELA_PRIVILEGIJA(GRUPAID, PRIVILEGIJAID, DATUMDODELE, DODELIOKORISNIKID) VALUES(6 ,9 ,'18.08.04. 19:36:06,000000000',12); 
INSERT INTO PRJ_DODELA_PRIVILEGIJA(GRUPAID, PRIVILEGIJAID, DATUMDODELE, DODELIOKORISNIKID) VALUES(6 ,10,'18.08.04. 19:36:06,000000000',12); 
INSERT INTO PRJ_DODELA_PRIVILEGIJA(GRUPAID, PRIVILEGIJAID, DATUMDODELE, DODELIOKORISNIKID) VALUES(6 ,21,'18.08.04. 19:36:06,000000000',7); 
INSERT INTO PRJ_DODELA_PRIVILEGIJA(GRUPAID, PRIVILEGIJAID, DATUMDODELE, DODELIOKORISNIKID) VALUES(7 ,16,'18.08.04. 19:36:06,000000000',7); 
INSERT INTO PRJ_DODELA_PRIVILEGIJA(GRUPAID, PRIVILEGIJAID, DATUMDODELE, DODELIOKORISNIKID) VALUES(7 ,17,'18.08.04. 19:36:06,000000000',7);
INSERT INTO PRJ_DODELA_PRIVILEGIJA(GRUPAID, PRIVILEGIJAID, DATUMDODELE, DODELIOKORISNIKID) VALUES(7 ,18,'18.08.04. 19:36:06,000000000',7);
INSERT INTO PRJ_DODELA_PRIVILEGIJA(GRUPAID, PRIVILEGIJAID, DATUMDODELE, DODELIOKORISNIKID) VALUES(7 ,24,'18.08.04. 19:36:06,000000000',11); 
INSERT INTO PRJ_DODELA_PRIVILEGIJA(GRUPAID, PRIVILEGIJAID, DATUMDODELE, DODELIOKORISNIKID) VALUES(8 ,7 ,'18.08.04. 19:36:06,000000000',11); 
INSERT INTO PRJ_DODELA_PRIVILEGIJA(GRUPAID, PRIVILEGIJAID, DATUMDODELE, DODELIOKORISNIKID) VALUES(8 ,8 ,'18.08.04. 19:36:06,000000000',11); 
INSERT INTO PRJ_DODELA_PRIVILEGIJA(GRUPAID, PRIVILEGIJAID, DATUMDODELE, DODELIOKORISNIKID) VALUES(8 ,11,'18.08.04. 19:36:06,000000000',11); 
INSERT INTO PRJ_DODELA_PRIVILEGIJA(GRUPAID, PRIVILEGIJAID, DATUMDODELE, DODELIOKORISNIKID) VALUES(9 ,16,'18.08.04. 19:36:06,000000000',11); 
INSERT INTO PRJ_DODELA_PRIVILEGIJA(GRUPAID, PRIVILEGIJAID, DATUMDODELE, DODELIOKORISNIKID) VALUES(9 ,17,'18.08.04. 19:36:06,000000000',11); 
INSERT INTO PRJ_DODELA_PRIVILEGIJA(GRUPAID, PRIVILEGIJAID, DATUMDODELE, DODELIOKORISNIKID) VALUES(9 ,18,'18.08.04. 19:36:06,000000000',11); 
INSERT INTO PRJ_DODELA_PRIVILEGIJA(GRUPAID, PRIVILEGIJAID, DATUMDODELE, DODELIOKORISNIKID) VALUES(10,16,'18.08.04. 19:36:06,000000000',11); 
INSERT INTO PRJ_DODELA_PRIVILEGIJA(GRUPAID, PRIVILEGIJAID, DATUMDODELE, DODELIOKORISNIKID) VALUES(10,17,'18.08.04. 19:36:06,000000000',11); 
INSERT INTO PRJ_DODELA_PRIVILEGIJA(GRUPAID, PRIVILEGIJAID, DATUMDODELE, DODELIOKORISNIKID) VALUES(10,18,'18.08.04. 19:36:06,000000000',11); 
INSERT INTO PRJ_DODELA_PRIVILEGIJA(GRUPAID, PRIVILEGIJAID, DATUMDODELE, DODELIOKORISNIKID) VALUES(18,6 ,'18.08.04. 19:36:06,000000000',11); 
INSERT INTO PRJ_DODELA_PRIVILEGIJA(GRUPAID, PRIVILEGIJAID, DATUMDODELE, DODELIOKORISNIKID) VALUES(18,5 ,'18.08.04. 19:36:06,000000000',11);
INSERT INTO PRJ_DODELA_PRIVILEGIJA(GRUPAID, PRIVILEGIJAID, DATUMDODELE, DODELIOKORISNIKID) VALUES(21,14,'18.08.04. 19:36:06,000000000',11); 
INSERT INTO PRJ_DODELA_PRIVILEGIJA(GRUPAID, PRIVILEGIJAID, DATUMDODELE, DODELIOKORISNIKID) VALUES(21,15,'18.08.04. 19:36:06,000000000',11); 

--PRJ_SIFRE INSERT
INSERT INTO PRJ_SIFRE(SIFRAID, SIFRA, KORISNIKID, DATUMPOSTAVLJANJA, TRENUTNAFLAG) VALUES(NULL,'starwars',1, CURRENT_TIMESTAMP, 1); 
INSERT INTO PRJ_SIFRE(SIFRAID, SIFRA, KORISNIKID, DATUMPOSTAVLJANJA, TRENUTNAFLAG) VALUES(NULL,'starwars5',2, CURRENT_TIMESTAMP, 1); 
INSERT INTO PRJ_SIFRE(SIFRAID, SIFRA, KORISNIKID, DATUMPOSTAVLJANJA, TRENUTNAFLAG) VALUES(NULL,'xman123',3, CURRENT_TIMESTAMP, 1); 
INSERT INTO PRJ_SIFRE(SIFRAID, SIFRA, KORISNIKID, DATUMPOSTAVLJANJA, TRENUTNAFLAG) VALUES(NULL,'prepariran',4, CURRENT_TIMESTAMP, 1); 
INSERT INTO PRJ_SIFRE(SIFRAID, SIFRA, KORISNIKID, DATUMPOSTAVLJANJA, TRENUTNAFLAG) VALUES(NULL,'mustang1',5, CURRENT_TIMESTAMP, 1); 
INSERT INTO PRJ_SIFRE(SIFRAID, SIFRA, KORISNIKID, DATUMPOSTAVLJANJA, TRENUTNAFLAG) VALUES(NULL,'xmanapocalipsa',6, CURRENT_TIMESTAMP, 1); 
INSERT INTO PRJ_SIFRE(SIFRAID, SIFRA, KORISNIKID, DATUMPOSTAVLJANJA, TRENUTNAFLAG) VALUES(NULL,'volverin333',7, CURRENT_TIMESTAMP, 1); 
INSERT INTO PRJ_SIFRE(SIFRAID, SIFRA, KORISNIKID, DATUMPOSTAVLJANJA, TRENUTNAFLAG) VALUES(NULL,'nightcrawler08',8, CURRENT_TIMESTAMP, 1); 
INSERT INTO PRJ_SIFRE(SIFRAID, SIFRA, KORISNIKID, DATUMPOSTAVLJANJA, TRENUTNAFLAG) VALUES(NULL,'menza223',9, CURRENT_TIMESTAMP, 1); 
INSERT INTO PRJ_SIFRE(SIFRAID, SIFRA, KORISNIKID, DATUMPOSTAVLJANJA, TRENUTNAFLAG) VALUES(NULL,'prolece123',10, CURRENT_TIMESTAMP, 1); 
INSERT INTO PRJ_SIFRE(SIFRAID, SIFRA, KORISNIKID, DATUMPOSTAVLJANJA, TRENUTNAFLAG) VALUES(NULL,'njindows07',11, CURRENT_TIMESTAMP, 1); 
INSERT INTO PRJ_SIFRE(SIFRAID, SIFRA, KORISNIKID, DATUMPOSTAVLJANJA, TRENUTNAFLAG) VALUES(NULL,'linuxboljiodwindows',12, CURRENT_TIMESTAMP, 1); 

INSERT INTO PRJ_SIFRE(SIFRAID, SIFRA, KORISNIKID, DATUMPOSTAVLJANJA, TRENUTNAFLAG) VALUES(NULL,'srecnivegan',1, '17.08.04. 19:36:06,000000000', 0); 
INSERT INTO PRJ_SIFRE(SIFRAID, SIFRA, KORISNIKID, DATUMPOSTAVLJANJA, TRENUTNAFLAG) VALUES(NULL,'prosifra',9, '18.08.04. 19:36:06,000000000', 0); 
INSERT INTO PRJ_SIFRE(SIFRAID, SIFRA, KORISNIKID, DATUMPOSTAVLJANJA, TRENUTNAFLAG) VALUES(NULL,'bolizlife',12, '13.06.04. 19:36:06,000000000', 0); 
INSERT INTO PRJ_SIFRE(SIFRAID, SIFRA, KORISNIKID, DATUMPOSTAVLJANJA, TRENUTNAFLAG) VALUES(NULL,'ThisisWhywepl@y',6, '18.01.04. 19:36:06,000000000', 0); 
INSERT INTO PRJ_SIFRE(SIFRAID, SIFRA, KORISNIKID, DATUMPOSTAVLJANJA, TRENUTNAFLAG) VALUES(NULL,'deadlock',6, '18.08.04. 19:36:06,000000000', 0); 
INSERT INTO PRJ_SIFRE(SIFRAID, SIFRA, KORISNIKID, DATUMPOSTAVLJANJA, TRENUTNAFLAG) VALUES(NULL,'factorySESSIJA',1, '14.02.04. 19:36:06,000000000', 0); 

--PRJ_PRIJAVLJIVANJE INSERT
INSERT INTO PRJ_PRIJAVLJIVANJE(PRIJAVAID, USPESNOFLAG, IPADDRESA, VREME, SIFRA, KORISNIKID) VALUES(NULL, 0 ,'202.232.201.251', CURRENT_TIMESTAMP, 'starwars' ,7);
INSERT INTO PRJ_PRIJAVLJIVANJE(PRIJAVAID, USPESNOFLAG, IPADDRESA, VREME, SIFRA, KORISNIKID) VALUES(NULL, 0 ,'174.125.128.180', CURRENT_TIMESTAMP, 'starwfars' ,8);
INSERT INTO PRJ_PRIJAVLJIVANJE(PRIJAVAID, USPESNOFLAG, IPADDRESA, VREME, SIFRA, KORISNIKID) VALUES(NULL, 0 ,'192.168.0.200', CURRENT_TIMESTAMP, 'swfars' ,1);
INSERT INTO PRJ_PRIJAVLJIVANJE(PRIJAVAID, USPESNOFLAG, IPADDRESA, VREME, SIFRA, KORISNIKID) VALUES(NULL, 0 ,'124.71.133.39', CURRENT_TIMESTAMP, 'sdsfars' ,7);
INSERT INTO PRJ_PRIJAVLJIVANJE(PRIJAVAID, USPESNOFLAG, IPADDRESA, VREME, SIFRA, KORISNIKID) VALUES(NULL, 0 ,'139.10.164.155', CURRENT_TIMESTAMP, 'ssdfars' ,9);
INSERT INTO PRJ_PRIJAVLJIVANJE(PRIJAVAID, USPESNOFLAG, IPADDRESA, VREME, SIFRA, KORISNIKID) VALUES(NULL, 0 ,'151.209.72.249', CURRENT_TIMESTAMP, 'swfadfd' ,8);

--PRJ_PROFIL INSERT
INSERT INTO PRJ_PROFIL(REDNIBROJ, BOJAPOZADINE, KORISNIKID) VALUES(NULL, 'Plava' ,5);
INSERT INTO PRJ_PROFIL(REDNIBROJ, BOJAPOZADINE, KORISNIKID) VALUES(NULL, 'Zuta' ,8); 
INSERT INTO PRJ_PROFIL(REDNIBROJ, BOJAPOZADINE, KORISNIKID) VALUES(NULL, 'Crvena' ,7); 
INSERT INTO PRJ_PROFIL(REDNIBROJ, BOJAPOZADINE, KORISNIKID) VALUES(NULL, 'Zelena' ,1);
INSERT INTO PRJ_PROFIL(REDNIBROJ, BOJAPOZADINE, KORISNIKID) VALUES(NULL, 'Braon' ,1);
INSERT INTO PRJ_PROFIL(REDNIBROJ, BOJAPOZADINE, KORISNIKID) VALUES(NULL, 'Ljubicasta' ,9);
INSERT INTO PRJ_PROFIL(REDNIBROJ, BOJAPOZADINE, KORISNIKID) VALUES(NULL, 'Crna' ,8);
INSERT INTO PRJ_PROFIL(REDNIBROJ, BOJAPOZADINE, KORISNIKID) VALUES(NULL, 'Bela' ,9);

--PRJ_GUI_ELEMENT INSERT
INSERT INTO PRJ_GUI_ELEMENT(ElementID, Naziv) VALUES(NULL, 'Meni'); 
INSERT INTO PRJ_GUI_ELEMENT(ElementID, Naziv) VALUES(NULL, 'Dugme'); 
INSERT INTO PRJ_GUI_ELEMENT(ElementID, Naziv) VALUES(NULL, 'Lista'); 
INSERT INTO PRJ_GUI_ELEMENT(ElementID, Naziv) VALUES(NULL, 'Datagrid'); 
INSERT INTO PRJ_GUI_ELEMENT(ElementID, Naziv) VALUES(NULL, 'Link'); 
INSERT INTO PRJ_GUI_ELEMENT(ElementID, Naziv) VALUES(NULL, 'Labela'); 


--PRJ_PROFIL_PRIKAZUJE INSERT
INSERT INTO PRJ_PROFIL_PRIKAZUJE(REDNIBROJ,ELEMENTID) VALUES(1 ,1 ); 
INSERT INTO PRJ_PROFIL_PRIKAZUJE(REDNIBROJ,ELEMENTID) VALUES(1 ,2 );
INSERT INTO PRJ_PROFIL_PRIKAZUJE(REDNIBROJ,ELEMENTID) VALUES(1 ,6 );
INSERT INTO PRJ_PROFIL_PRIKAZUJE(REDNIBROJ,ELEMENTID) VALUES(2 ,1 );
INSERT INTO PRJ_PROFIL_PRIKAZUJE(REDNIBROJ,ELEMENTID) VALUES(3 ,2 );
INSERT INTO PRJ_PROFIL_PRIKAZUJE(REDNIBROJ,ELEMENTID) VALUES(4 ,2 );
INSERT INTO PRJ_PROFIL_PRIKAZUJE(REDNIBROJ,ELEMENTID) VALUES(4 ,5 );
INSERT INTO PRJ_PROFIL_PRIKAZUJE(REDNIBROJ,ELEMENTID) VALUES(5 ,2 );
INSERT INTO PRJ_PROFIL_PRIKAZUJE(REDNIBROJ,ELEMENTID) VALUES(6 ,3 );
INSERT INTO PRJ_PROFIL_PRIKAZUJE(REDNIBROJ,ELEMENTID) VALUES(7 ,1 );
INSERT INTO PRJ_PROFIL_PRIKAZUJE(REDNIBROJ,ELEMENTID) VALUES(7 ,4 );
INSERT INTO PRJ_PROFIL_PRIKAZUJE(REDNIBROJ,ELEMENTID) VALUES(7 ,5 );
INSERT INTO PRJ_PROFIL_PRIKAZUJE(REDNIBROJ,ELEMENTID) VALUES(8 ,3 );
INSERT INTO PRJ_PROFIL_PRIKAZUJE(REDNIBROJ,ELEMENTID) VALUES(8 ,4 );
INSERT INTO PRJ_PROFIL_PRIKAZUJE(REDNIBROJ,ELEMENTID) VALUES(2 ,3 );
